http://www.mccshhospital.com, 五矿, http://www.mccshhospital.com/2239.html, 中央第十四巡视组巡视中国五矿集团有限公...
http://www.fw.mcc17.cn, 五矿, http://www.minmetals.com.cn/, 中国五矿集团公司
http://www.xn.mcc17.cn, 五矿, http://www.minmetals.com.cn/, 中国五矿集团公司
http://www.mcczgsy.cn, 五矿, http://www.mcczgsy.cn/newsPage.php?show=article&big=2&nt=16&ns=386284, -中央第十四巡视组巡视中国五矿集团有限公司党组工作动....
http://www.csksg.com, 五矿, http://www.csksg.com/shownews.asp?id=1597, 中央第十四巡视组巡视中国五矿集团有限公司党组工作动员会召开
http://www.csksg.com, 五矿, http://www.csksg.com/about.asp, 湖南水口山有色金属集团有限公司坐落在衡阳市南面40千米的常宁市松柏镇，是集有色金属采矿、选矿、冶炼、加工、贸易于一体的大型国有企业。公司2004年加入湖南有色金属控股集团有限公司。2009年加入中国五矿集团公司。公司前身水口山矿务局，始建于1896年，距今已有110余年历史。十九世纪末，“维新变法、实业救国”的思潮，催生了水口山铅锌矿局，首开全国西法采矿、选矿、冶炼之先河，赢得了“世界铅都”、“中国铅锌工业的摇篮”之美誉
http://www.csksg.com, 五矿, http://www.csksg.com/shownews.asp?bigClassName=新闻中心&smallClassName=企业新闻&id=1601, 五矿铍业高级特种陶瓷建设项目建成投产
http://www.csksg.com, 五矿, http://www.csksg.com/shownews.asp?bigClassName=新闻中心&smallClassName=企业新闻&id=1597, 中央第十四巡视组巡视中国五矿集团有限公司党组工作动员会召开
http://www.wkxt.cn, 五矿, http://www.wkxt.cn/wkxt, 五矿稀土
http://www.wkxt.cn, 五矿, http://www.wkxt.cn/newsitem/278275074, 五矿稀土：2018年净利润1.02亿元，同比增长234%
http://www.wkxt.cn, 五矿, http://www.wkxt.cn/newsitem/278275074, 五矿稀土：2018年净利润1.02亿元，同比增长234%
http://www.wkxt.cn, 五矿, http://www.wkxt.cn/newsitem/278273381, 五矿稀土：2018年净利润1.02亿元，同比增加234%
http://www.torchcn.com, 五矿, http://www.torchcn.com/content/?625.html, 中央第十四巡视组巡视中国五矿集团有限公司党组工作动
http://www.torchcn.com, 五矿, http://www.torchcn.com/content/?586.html, 中国五矿董事长唐复平到公司调研
http://www.torchcn.com, 五矿, http://www.torchcn.com/content/?625.html, 中央第十四巡视组巡视中国五矿集团有限公司党组
http://www.torchcn.com, 五矿, http://www.torchcn.com/content/?625.html, 中央第十四巡视组巡视中国五矿集团有限公司党组工作动
http://www.torchcn.com, 五矿, http://www.torchcn.com/content/?570.html, 五矿有色扶贫工作队进驻花垣县民乐镇梳子山村
http://www.torchcn.com, 五矿, http://www.torchcn.com/content/?594.html, 株冶健儿五矿运动会上展风采
http://www.torchcn.com, 五矿, http://www.torchcn.com/content/?381.html, 株冶“好声音”唱响五矿集团合唱大赛
http://www.torchcn.com, 五矿, http://www.minmetals.com.cn/index.jsp, 中国五矿集团
http://www.torchcn.com, 五矿, http://www.minmetalsec.com, 【●五矿有色金属控股有限公司阳光购销服务共享平台●】
http://www.minlogistics.com.cn, 五矿, http://www.minlogistics.com.cn/news/info.aspx?id=492, 中国五矿6名委员代表参加全国两会，履行职..
http://www.minlogistics.com.cn, 五矿, http://www.minlogistics.com.cn/news/info.aspx?id=487, 新年献词：拨快走向世界一流的“五矿时间”
http://www.minlogistics.com.cn, 五矿, http://www.minmetals.com.cn/, 五矿集团
http://www.minlogistics.com.cn, 五矿, http://www.minlist.com.cn/, 五矿发展
http://www.minlogistics.com.cn, 五矿, http://www.minmetals.com.cn/wkwzq/, 五矿网站群
http://www.minmetalsdg.com, 五矿, http://www.minmetalsdg.com/news_detail/newsId=77.html, 国文清调研指导中国五矿部分职能部门工作
http://www.minmetalsdg.com, 五矿, http://www.minmetalsdg.com/news_detail/newsId=75.html, 五矿阿里钢铁平台迎来首单钢铁电商或将迎来模式升级
http://www.minmetalsdg.com, 五矿, http://www.minmetalsdg.com/news_detail/newsId=29.html, 五矿电工（东莞）有限责任公司网站正式上线
http://www.wkyg.com, 五矿, http://www.wkyg.com/zbcg_51.html, 2019年度五矿车辆保险招标公告
http://www.minfinance.com.cn, 五矿, http://www.minfinance.com.cn/news/24.html, 五矿资本
http://www.minfinance.com.cn, 五矿, http://www.minfinance.com.cn/news/24.html, 五矿资本
http://www.minfinance.com.cn, 五矿, http://www.minfinance.com.cn/trust.html, 五矿信托-基建7号投资集合资金信托计划计划分期募集不超过2.021亿元信托资金，用于与中建一局共同设立项目公司以及发放股东贷款，信托期限为4.5年，分期发行
http://www.minfinance.com.cn, 五矿, http://www.minfinance.com.cn/detail/archives/532.html, 关于对假冒“五矿资本”网站的澄清声明2019.04.02近日，我司接到电话反映，称有网站以及线上APP程序以“五矿...
http://www.minfinance.com.cn, 五矿, http://www.minfinance.com.cn/detail/archives/521.html, 五矿资本召开2019年度工作会议2019.01.232019年1月18日，五矿资本股份有限公司（以下简称“五矿资本”）在五矿广场召开2019年度工作会议。五矿资本董事会及领导班子成员、各企业各部门负责...
http://www.minfinance.com.cn, 五矿, http://www.minfinance.com.cn/detail/archives/520.html, 五矿资本成功举办“12•4”国家宪法...2018.12.18近日，五矿资本组织了2018年“12·4”国家宪法日系列宣传教育活动，旨在迎接我国第五个“国家宪法日”和首个“宪法宣传周”的到来，引导全体干部员工“...
http://www.minfinance.com.cn, 五矿, http://www.mintrust.com/cms/, 五矿信托
http://www.minfinance.com.cn, 五矿, http://www.wkzq.com.cn, 五矿证券
http://www.minfinance.com.cn, 五矿, http://www.wkqh.cn/, 五矿期货
http://www.minfinance.com.cn, 五矿, http://www.minmetals.com.cn/, 中国五矿集团公司
http://www.minfinance.com.cn, 五矿, http://www.minlist.com.cn/, 五矿发展（600058）
http://www.minfinance.com.cn, 五矿, http://www.minmetals.com.cn/tzzgx/wkzy/gpxx_850/, 五矿资源（01208）
http://www.minfinance.com.cn, 五矿, http://www.minmetalsland.com/, 五矿建设（00230）
http://www.minfinance.com.cn, 五矿, http://www.cmreltd.com/, 五矿稀土（000831）
http://www.mintrust.com, 五矿, http://www.minmetalswealth.com, 五矿财富
http://www.mintrust.com, 五矿, http://www.mintrust.com/javascript:;, 扫描二维码关注五矿信托微信公众号
http://www.mintrust.com, 五矿, http://www.minmetalswealth.com, 五矿财富
http://www.mintrust.com, 五矿, http://www.mintrust.com/detail/32573.html, 五矿国际信托有限公司关于启用电子签章的公...
http://www.mintrust.com, 五矿, http://www.mintrust.com/detail/32337.html, 五矿国际信托有限公司圆满召开第二届工会会...
http://www.mintrust.com, 五矿, http://www.mintrust.com/detail/32336.html, 五矿信托召开2019年度工作会议
http://www.mintrust.com, 五矿, http://www.minfinance.com.cn/, 五矿资本
http://www.mintrust.com, 五矿, http://www.minmetals.com.cn/, 五矿集团
http://www.23ye.com, 五矿, http://www.23ye.com/news/4579.html, 中央第十四巡视组巡视中国五矿集团有限公司党组工作动员会召开
http://www.cn231.com, 五矿, http://www.cn231.com/news_detail/newsId=526.html, 我司荣获首届中国五矿集团职工岗位创新...
http://www.cn231.com, 五矿, http://www.cn231.com/products_detail/productId=94.html, 五矿·万境水岸泰安一期
http://www.cn231.com, 五矿, http://www.cn231.com/products_detail/productId=90.html, 五矿·尊城
http://www.cn231.com, 五矿, http://www.cn231.com/products_detail/productId=89.html, 五矿·金桂园
http://www.601.cn, 五矿, http://www.601.cn/news/285.html, 中央第十四巡视组巡视中国五矿集团有限公司党组工作动员会召开
http://www.zccct.com, 五矿, http://www.zccct.com/html/News/20190403/595.html, 中央第十四巡视组巡视中国五矿集团有限公司党组工作动员会召开
http://www.zccct.com, 五矿, http://www.zccct.com/html/News/20190403/595.html, 中央第十四巡视组副组长及有关同志，中央巡视办有关同志，中国五矿集团有限公司领导班子成员出席会议，近三年退出领导班子的老同志、公司非班子高管、中冶集团暨中国中冶领导班子成员、公司总部各部门、直属机构领...
http://www.zccct.com, 五矿, http://www.minmetals.com.cn/, 五矿集团公司
http://www.zgcc.com, 五矿, http://www.zgcc.com/News.aspx?Id=b374d754-0127-46e2-99fc-9dce001cc1f8, 中央第十四巡视组巡视中国五矿集团有限公司党组工作动员会召开(04-03)
http://www.cczbjs.com, 五矿, http://www.cczbjs.com/newsview_169.html, 中央第十四巡视组巡视中国五矿集
http://www.cczbjs.com, 五矿, http://www.minmetals.com.cn/index.jsp, 中国五矿集团公司
http://www.zgcctool.com, 五矿, http://www.zgcctool.com/news/html/?416.html, 中央第十四巡视组巡视中国五矿集团有限公司党
